{
    "channel_ids": [
        "0",
        "1",
        "2",
        "3",
        "4",
        "5",
        "6",
        "7",
        "8",
        "9",
        "10",
        "11",
        "12",
        "13",
        "14",
        "15",
        "16",
        "17",
        "18",
        "19",
        "20",
        "21",
        "22",
        "23",
        "24",
        "25",
        "26",
        "27",
        "28",
        "29",
        "30",
        "31"
    ],
    "sampling_frequency": 30000.0,
    "num_channels": 32,
    "num_samples": [
        9000000
    ],
    "is_filtered": true,
    "properties": {
        "location": [
            [
                0.0,
                0.0
            ],
            [
                142.85714285714286,
                0.0
            ],
            [
                285.7142857142857,
                0.0
            ],
            [
                428.57142857142856,
                0.0
            ],
            [
                571.4285714285714,
                0.0
            ],
            [
                714.2857142857143,
                0.0
            ],
            [
                857.1428571428571,
                0.0
            ],
            [
                1000.0,
                0.0
            ],
            [
                0.0,
                166.66666666666666
            ],
            [
                142.85714285714286,
                166.66666666666666
            ],
            [
                285.7142857142857,
                166.66666666666666
            ],
            [
                428.57142857142856,
                166.66666666666666
            ],
            [
                571.4285714285714,
                166.66666666666666
            ],
            [
                714.2857142857143,
                166.66666666666666
            ],
            [
                857.1428571428571,
                166.66666666666666
            ],
            [
                1000.0,
                166.66666666666666
            ],
            [
                0.0,
                333.3333333333333
            ],
            [
                142.85714285714286,
                333.3333333333333
            ],
            [
                285.7142857142857,
                333.3333333333333
            ],
            [
                428.57142857142856,
                333.3333333333333
            ],
            [
                571.4285714285714,
                333.3333333333333
            ],
            [
                714.2857142857143,
                333.3333333333333
            ],
            [
                857.1428571428571,
                333.3333333333333
            ],
            [
                1000.0,
                333.3333333333333
            ],
            [
                0.0,
                500.0
            ],
            [
                142.85714285714286,
                500.0
            ],
            [
                285.7142857142857,
                500.0
            ],
            [
                428.57142857142856,
                500.0
            ],
            [
                571.4285714285714,
                500.0
            ],
            [
                714.2857142857143,
                500.0
            ],
            [
                857.1428571428571,
                500.0
            ],
            [
                1000.0,
                500.0
            ]
        ],
        "group": [
            0,
            0,
            0,
            0,
            0,
            0,
            0,
            0,
            0,
            0,
            0,
            0,
            0,
            0,
            0,
            0,
            0,
            0,
            0,
            0,
            0,
            0,
            0,
            0,
            0,
            0,
            0,
            0,
            0,
            0,
            0,
            0
        ]
    },
    "dtype": "float32"
}