{
  "matrix": [
    [
      0.9902680687415704,
      0.13917310096006544,
      -26.9245800430458
    ],
    [
      -0.13917310096006544,
      0.9902680687415704,
      23.980554403633374
    ],
    [
      0.0,
      0.0,
      1.0
    ]
  ],
  "rotation_deg": 8.0,
  "translation_um": [
    30.0,
    -20.0
  ],
  "description": "Affine transform mapping MEA (moving) \u2192 Slide-tags (fixed). Apply directly to MEA unit coordinates to place them in Slide-tags space."
}